1640685320.0696461;08.02.2022
1640685404.5953834;26.01.2022
1640685600.090496;26.01.2022
1640685653.2384508;26.01.2022
1640685691.1805093;26.01.2022
1640685731.9154599;01.02.2022
1640685773.2419758;01.02.2022
1640685814.8009977;01.02.2022
1640685851.4462628;01.02.2022
1640685891.542571;01.02.2022
1640685932.0691676;01.02.2022
1640685974.8914938;01.02.2022
1640686015.7294953;28.01.2022
1640686060.3614948;28.01.2022
1640686135.5716362;28.01.2022
1640686149.8836315;28.01.2022
1640686189.3933783;28.01.2022
1640686230.4320183;28.01.2022
1640686270.7526324;08.02.2022
1640686311.7568297;08.02.2022
1640686349.364643;08.02.2022
1640686389.4277697;08.02.2022
1640686430.0807626;08.02.2022
1640686887.247322;12.01.2022
1640686923.5104468;12.01.2022
1640686961.6248841;12.01.2022
1640687001.4546926;12.01.2022
1640687042.4794335;12.01.2022
1640687132.0935917;12.01.2022
1640687153.277865;12.01.2022
1640687191.9851334;08.02.2022
1640687231.3261285;08.02.2022
1640687265.7972517;08.02.2022
1640687309.136495;08.02.2022
1640687346.5128102;08.02.2022
1640687385.8947222;08.02.2022
1640687426.1730344;08.02.2022
1640687483.267648;08.02.2022
1640687515.7385106;08.02.2022
1640687547.8084962;08.02.2022
1640687586.240416;08.02.2022
1640687626.3834531;08.02.2022
1640687666.3000004;08.02.2022
1640687708.7399716;08.02.2022
1640687748.881906;08.02.2022
1640687790.6399007;08.02.2022
1640687826.6772008;08.02.2022
1640687865.9399803;08.02.2022
1640687906.8467603;08.02.2022
1640687946.883504;08.02.2022
1640687986.4465432;08.02.2022
1640688026.428231;08.02.2022
1640688388.4941714;04.02.2022
1640688427.0565274;04.02.2022
1640688466.2226381;04.02.2022
1640688506.6546123;04.02.2022
1640688546.1344044;04.02.2022
1640688586.2411413;04.02.2022
1640688627.1126406;04.02.2022
1640688666.4753788;04.02.2022
1640688707.0638232;04.02.2022
1640688746.9855094;04.02.2022
1640688825.8548841;04.02.2022
1640688845.2969208;04.02.2022
1640688879.7983258;04.02.2022
1640688921.067367;04.02.2022
1640689044.9344404;29.01.2022
1640689079.9045167;29.01.2022
1640689120.006378;29.01.2022
1640689159.6945527;29.01.2022
1640689200.4504619;29.01.2022
1640689241.1178443;29.01.2022
1640689281.090086;01.02.2022
1640689320.2192729;01.02.2022
1640689359.7192116;01.02.2022
1640689403.7434175;01.02.2022
1640689441.0414863;01.02.2022
1640689488.9919314;01.02.2022
1640689525.226363;01.02.2022
1640689681.1522095;29.12.2021
1640689718.4210534;29.12.2021
1640689736.127734;29.12.2021
1640689775.1688612;29.12.2021
1640689815.4016838;29.12.2021
1640689856.0087926;29.12.2021
1640689905.9799016;08.02.2022
1640689952.5288985;08.02.2022
1640689996.557183;08.02.2022
1640690023.535778;08.02.2022
1640690059.97386;08.02.2022
1640690095.1042452;08.02.2022
1640690135.5262783;08.02.2022
1640690196.0770962;08.02.2022
1640690218.173096;08.02.2022
1640690266.0752172;08.02.2022
1640690295.9745252;08.02.2022
1640690336.5514205;08.02.2022
1640690375.2772348;08.02.2022
1640690415.268141;08.02.2022
1640690512.4203134;08.02.2022
1640690536.2756953;08.02.2022
1640690575.6965435;08.02.2022
1640690621.0834477;08.02.2022
1640690655.727792;08.02.2022
1640690695.7680805;08.02.2022
1640690735.6148863;08.02.2022
1640690776.4877756;25.01.2022
1640690817.326284;25.01.2022
1640690855.4832494;25.01.2022
1640690896.1769147;25.01.2022
1640690943.7186809;25.01.2022
1640690975.6923869;25.01.2022
1640691019.6328835;25.01.2022
1640691078.3983634;25.01.2022
1640691133.2568815;25.01.2022
1640691148.5758824;25.01.2022
1640691235.9586601;25.01.2022
1640691251.6461768;25.01.2022
1640691289.7457433;25.01.2022
1640691333.6125684;25.01.2022
1640691460.5941808;20.01.2022
1640691493.5066028;20.01.2022
1640691532.7555764;20.01.2022
1640691573.7854679;20.01.2022
1640691695.8381302;08.02.2022
1640691723.0905259;08.02.2022
1640691762.1246526;08.02.2022
1640691803.0548027;08.02.2022
1640691841.9076898;08.02.2022
1640691882.0200248;08.02.2022
1640691922.358561;08.02.2022
1640692049.725035;25.01.2022
1640692067.7805197;25.01.2022
1640692105.01922;25.01.2022
1640692146.8547163;25.01.2022
1640692185.340111;25.01.2022
1640692302.1940386;08.02.2022
1640692326.0343516;08.02.2022
1640692364.181039;08.02.2022
1640692403.2606452;08.02.2022
1640692442.8814454;08.02.2022
1640692483.103168;08.02.2022
1640692522.7009685;08.02.2022
1640692564.29882;08.02.2022
1640692610.7374833;08.02.2022
1640692642.9579868;08.02.2022
1640692683.1413414;08.02.2022
1640692723.1341462;08.02.2022
1640692762.9641201;08.02.2022
1640692802.8628242;08.02.2022
1640692843.2978377;08.02.2022
1640692882.925612;08.02.2022
1640692923.2470162;08.02.2022
1640692963.2160823;08.02.2022
1640693002.8315048;08.02.2022
1640693041.9124236;08.02.2022
1640693081.715794;08.02.2022
1640693121.7708857;08.02.2022
1640693161.8206434;08.02.2022
1640693246.257477;08.02.2022
1640693281.9428043;08.02.2022
1640693322.1249654;08.02.2022
1640693361.8572552;08.02.2022
1640693401.741986;08.02.2022
1640693442.6319506;08.02.2022
1640693483.0965443;08.02.2022
1640693526.6282294;08.02.2022
1640693562.8049173;08.02.2022
1640693601.8669462;08.02.2022
1640693641.6112652;08.02.2022
1640693681.8250587;08.02.2022
1640693721.970823;08.02.2022
1640693762.0050435;08.02.2022
1640693807.4400768;08.02.2022
1640693844.1071527;08.02.2022
1640693882.2517915;08.02.2022
1640693922.0333343;08.02.2022
1640693962.008711;08.02.2022
1640694001.840116;08.02.2022
1640694041.964823;08.02.2022
1640694083.6695828;08.02.2022
1640694122.4756014;08.02.2022
1640694162.156413;08.02.2022
1640694202.1332762;08.02.2022
1640694241.7298968;08.02.2022
1640694281.8616557;08.02.2022
1640694322.0894024;08.02.2022
1640694363.6339812;08.02.2022
1640694403.2210891;08.02.2022
1640694441.7542777;08.02.2022
1640694482.053071;08.02.2022
1640694522.2156403;08.02.2022
1640694562.0301695;08.02.2022
1640694602.086919;08.02.2022
1640694642.0268645;08.02.2022
1640694682.2568085;08.02.2022
1640694966.1133583;29.12.2021
1640695006.387773;29.12.2021
1640695042.4848878;29.12.2021
1640695082.5002842;29.12.2021
1640695122.3001454;29.12.2021
1640695162.497493;29.12.2021
1640695202.2809;29.12.2021
1640695242.606328;29.12.2021
1640695286.0305054;08.02.2022
1640695323.8140376;08.02.2022
1640695362.336273;08.02.2022
1640695402.1252596;08.02.2022
1640695463.1930327;08.02.2022
1640695559.0950856;08.02.2022
1640695633.0171094;08.02.2022
1640695656.920413;08.02.2022
1640695701.7145193;08.02.2022
1640695735.385166;08.02.2022
1640695775.4834259;08.02.2022
1640695815.7326262;08.02.2022
1640695855.810123;08.02.2022
1640695956.6181233;14.01.2022
1640695978.7511215;14.01.2022
1640696015.32579;14.01.2022
1640696055.5327315;14.01.2022
1640696092.3533888;14.01.2022
1640696130.488555;14.01.2022
1640696171.52442;14.01.2022
1640696214.3643696;28.01.2022
1640696252.2958064;28.01.2022
1640696291.4132664;28.01.2022
1640696331.4422095;28.01.2022
1640696372.1248598;28.01.2022
1640696415.0524602;28.01.2022
1640696496.0228555;28.01.2022
1640696517.3358076;08.02.2022
1640696567.9988947;08.02.2022
1640696597.5606706;08.02.2022
1640696640.0687494;08.02.2022
1640696676.7369354;08.02.2022
1640696710.359659;08.02.2022
1640696862.233252;09.02.2022
1640696880.4341204;09.02.2022
1640696917.1973307;09.02.2022
1640696956.1649384;09.02.2022
1640696997.6129544;09.02.2022
1640697080.2648547;09.02.2022
1640697119.849291;09.02.2022
1640697171.164298;09.02.2022
1640697207.7165868;09.02.2022
1640697327.8744152;09.02.2022
1640697345.3084435;09.02.2022
1640697388.3256233;09.02.2022
1640697432.1307354;09.02.2022
1640697463.5388682;09.02.2022
1640697503.108413;09.02.2022
1640697542.0048943;09.02.2022
1640697582.3237388;09.02.2022
1640697623.2008033;09.02.2022
1640697661.8333187;09.02.2022
1640697703.879516;09.02.2022
1640697742.5111873;09.02.2022
1640697784.0391312;09.02.2022
1640697823.373739;09.02.2022
1640697866.6926446;09.02.2022
1640697903.824704;09.02.2022
1640697944.9501028;09.02.2022
1640697993.3610904;25.01.2022
1640698024.4044628;25.01.2022
1640698066.9909039;25.01.2022
1640698104.4993496;25.01.2022
1640698142.4111748;25.01.2022
1640698181.9748306;25.01.2022
1640698222.779009;25.01.2022
1640698263.4780793;25.01.2022
1640698374.3699164;25.01.2022
1640698389.8619153;25.01.2022
1640698428.5297775;25.01.2022
1640698468.5224411;25.01.2022
1640698508.1354408;25.01.2022
1640698548.267611;25.01.2022
1640698591.4275286;05.02.2022
1640698630.3743556;05.02.2022
1640698668.129521;05.02.2022
1640698708.077885;05.02.2022
1640698748.4885361;05.02.2022
1640698788.0216093;05.02.2022
1640698828.018763;05.02.2022
1640699192.5159216;09.02.2022
1640699229.3946319;09.02.2022
1640699269.945525;09.02.2022
1640699308.999453;09.02.2022
1640699351.8052285;09.02.2022
1640699514.0453775;18.01.2022
1640699551.1100597;18.01.2022
1640699637.0576217;18.01.2022
1640699672.377631;18.01.2022
1640699715.0546274;18.01.2022
1640699784.04862;09.02.2022
1640699811.6838078;09.02.2022
1640699923.9288366;09.02.2022
1640699940.472544;09.02.2022
1640699978.6368783;09.02.2022
1640700028.6380146;09.02.2022
1640700060.0836523;04.02.2022
1640700098.734204;04.02.2022
1640700138.0301113;04.02.2022
1640700177.566592;04.02.2022
1640700217.7522876;04.02.2022
1640700258.0290124;04.02.2022
1640700297.615464;04.02.2022
1640700338.07749;04.02.2022
1640700384.53383;06.01.2022
1640700420.2165692;06.01.2022
1640700457.7315989;06.01.2022
1640700497.5605116;06.01.2022
1640700537.6469362;06.01.2022
1640700577.6927004;06.01.2022
1640700618.1123304;06.01.2022
1640700704.7774782;09.02.2022
1640700737.816568;09.02.2022
1640700777.7975347;09.02.2022
1640700817.739902;09.02.2022
1640700857.7728264;09.02.2022
1640700897.691217;09.02.2022
1640700937.597418;09.02.2022
1640700981.13646;03.01.2022
1640701018.3156588;03.01.2022
1640701057.9282362;03.01.2022
1640701097.7099853;03.01.2022
1640701137.7463953;03.01.2022
1640701177.6445773;03.01.2022
1640701217.7440329;03.01.2022
1640701259.922543;09.02.2022
1640701302.7278397;09.02.2022
1640701338.1565619;09.02.2022
1640701377.7365534;09.02.2022
1640701417.8259687;09.02.2022
1640701458.3167505;09.02.2022
1640701497.7936902;09.02.2022
1640701537.9339852;09.02.2022
1640701578.7629514;09.02.2022
1640701619.3060367;09.02.2022
1640701658.214129;09.02.2022
1640701698.5241175;09.02.2022
1640701738.6433313;09.02.2022
1640701778.5991004;09.02.2022
1640701818.1820703;09.02.2022
1640701858.0992591;09.02.2022
1640701898.1585507;09.02.2022
1640701939.4819577;09.02.2022
1640701978.3638668;09.02.2022
1640702018.156182;09.02.2022
1640702058.235889;09.02.2022
1640702098.368925;09.02.2022
1640702184.6196682;09.02.2022
1640702218.997359;09.02.2022
1640702258.098617;09.02.2022
1640702298.1505094;09.02.2022
1640702338.114705;09.02.2022
1640702378.622968;09.02.2022
1640702418.4020898;09.02.2022
1640702458.412739;09.02.2022
1640702500.9201088;09.02.2022
1640702538.739041;09.02.2022
1640702578.6192763;09.02.2022
1640702618.660613;09.02.2022
1640702658.473096;09.02.2022
1640702698.3400998;09.02.2022
1640702783.3980367;01.02.2022
1640702818.629137;01.02.2022
1640702858.3086042;01.02.2022
1640702898.2597692;01.02.2022
1640702938.7564788;01.02.2022
1640702978.3647025;01.02.2022
1640703018.5412385;01.02.2022
1640703058.8451533;01.02.2022
1640703103.8012037;28.01.2022
1640703140.5193307;28.01.2022
1640703178.4798086;28.01.2022
1640703218.2691855;28.01.2022
1640703258.4668498;28.01.2022
1640703298.4627972;28.01.2022
1640703338.317682;28.01.2022
1640703381.0016916;09.02.2022
1640703418.766411;09.02.2022
1640703458.1152196;09.02.2022
1640703498.6331444;09.02.2022
1640703538.3499284;09.02.2022
1640703578.2923276;09.02.2022
1640703618.3531723;09.02.2022
1640703658.5175486;09.02.2022
1640703698.2879953;09.02.2022
1640703738.6633995;09.02.2022
1640703778.2299776;09.02.2022
1640703818.4339387;09.02.2022
1640703858.6000438;09.02.2022
1640703898.5599787;09.02.2022
1640703938.3257222;09.02.2022
1640703979.1510155;09.02.2022
1640704021.270693;09.02.2022
1640704059.0298853;09.02.2022
1640704098.1679127;09.02.2022
1640704138.3857682;09.02.2022
1640704178.4505303;09.02.2022
1640704218.748267;09.02.2022
1640704341.3082244;09.02.2022
1640704378.549247;09.02.2022
1640704418.42624;09.02.2022
1640704458.6990762;09.02.2022
1640704498.5561414;09.02.2022
1640704538.6847134;09.02.2022
1640704582.4589207;04.02.2022
1640704619.2759957;04.02.2022
1640704658.4976778;04.02.2022
1640704698.3620431;04.02.2022
1640704738.5011811;04.02.2022
1640704778.567502;04.02.2022
1640704818.6780775;04.02.2022
1640704858.708947;04.02.2022
1640704898.6752875;04.02.2022
1640704940.251898;09.02.2022
1640704978.70531;09.02.2022
1640705018.6820745;09.02.2022
1640705058.6736398;09.02.2022
1640705098.7834587;09.02.2022
1640705138.9054558;09.02.2022
1640705221.9982264;09.02.2022
1640705258.5191853;09.02.2022
1640705299.0762725;09.02.2022
1640705338.927581;09.02.2022
1640705378.8301244;09.02.2022
1640705419.362823;09.02.2022
1640705458.9250004;09.02.2022
1640705498.8582215;09.02.2022
1640705539.3262203;09.02.2022
1640705578.8620868;09.02.2022
1640705618.9371672;09.02.2022
1640705658.9229238;09.02.2022
1640705698.6434255;09.02.2022
1640705738.7177153;09.02.2022
1640705779.9101164;09.02.2022
1640705820.8805125;09.02.2022
1640705858.6890228;09.02.2022
1640705898.6956534;09.02.2022
1640705938.612963;09.02.2022
1640705978.6194193;09.02.2022
1640706018.8195279;09.02.2022
1640706059.041011;09.02.2022
1640706110.8925235;09.02.2022
1640706145.0962844;09.02.2022
1640706178.8045535;09.02.2022
1640706218.97406;09.02.2022
1640706259.0088706;09.02.2022
1640706298.7859752;09.02.2022
1640706338.6678936;09.02.2022
1640706379.0480993;09.02.2022
1640706419.8937879;09.02.2022
1640706459.4622538;09.02.2022
1640706499.1777384;09.02.2022
1640706539.0542085;09.02.2022
1640706578.8281348;09.02.2022
1640706618.8389437;09.02.2022
1640706701.6960351;27.01.2022
1640706739.0548718;27.01.2022
1640706778.816762;27.01.2022
1640706819.2249112;27.01.2022
1640706859.1546614;27.01.2022
1640706899.194975;27.01.2022
1640706938.7505283;27.01.2022
1640706980.6033652;09.02.2022
1640707019.3258853;09.02.2022
1640707058.948998;09.02.2022
1640707098.928237;09.02.2022
1640707139.0573645;09.02.2022
1640707179.06603;09.02.2022
1640707219.1452851;09.02.2022
1640707301.7799788;18.01.2022
1640707339.1439564;18.01.2022
1640707379.3740528;18.01.2022
1640707419.0807855;18.01.2022
1640707459.0178194;18.01.2022
1640707499.2529886;18.01.2022
1640707538.9571154;18.01.2022
1640707580.1469612;20.01.2022
1640707619.4602292;20.01.2022
1640707659.149209;20.01.2022
1640707699.150323;20.01.2022
1640707739.0416887;20.01.2022
1640707779.204213;20.01.2022
1640707818.7955215;20.01.2022
1640707859.155043;20.01.2022
1640707899.1831052;20.01.2022
1640707939.0310748;20.01.2022
1640707979.1809082;20.01.2022
1640708019.1386936;20.01.2022
1640708059.377093;20.01.2022
1640708099.2542999;20.01.2022
1640708139.0588498;20.01.2022
1640708179.5605774;25.01.2022
1640708220.8330061;25.01.2022
1640708259.1899533;25.01.2022
1640708299.3706584;25.01.2022
1640708339.2745745;25.01.2022
1640708379.2678592;25.01.2022
1640708419.5358357;25.01.2022
1640708459.527833;25.01.2022
1640708501.0859098;01.02.2022
1640708539.2914863;01.02.2022
1640708579.3460238;01.02.2022
1640708619.2048671;01.02.2022
1640708659.4330704;01.02.2022
1640708699.592517;01.02.2022
1640708739.5854604;09.02.2022
1640708780.245123;09.02.2022
1640708819.8788953;09.02.2022
1640708859.3279111;09.02.2022
1640708899.6168838;09.02.2022
1640708939.5464344;09.02.2022
1640708979.390085;09.02.2022
1640709019.4059596;09.02.2022
1640709393.5289636;09.02.2022
1640709419.9425864;09.02.2022
1640709459.50429;09.02.2022
1640709499.7237701;09.02.2022
1640709539.2828977;09.02.2022
1640709579.2818868;09.02.2022
1640709619.6958666;09.02.2022
1640710022.3040712;09.02.2022
1640710061.1367426;09.02.2022
1640710099.467581;09.02.2022
1640710139.8110723;09.02.2022
1640710179.6700366;09.02.2022
1640710219.738406;09.02.2022
1640710303.29662;15.01.2022
1640710339.6418142;15.01.2022
1640710379.6915011;15.01.2022
1640710419.8420236;15.01.2022
1640710459.828917;15.01.2022
1640710499.8643515;15.01.2022
1640710539.6700702;15.01.2022
1640710583.0029728;05.02.2022
1640710620.3938825;05.02.2022
1640710659.869667;05.02.2022
1640710699.736067;05.02.2022
1640710739.9619098;05.02.2022
1640710779.7455082;05.02.2022
1640710819.8464065;05.02.2022
1640710860.8709497;06.01.2022
1640710900.5379674;06.01.2022
1640710940.0330138;06.01.2022
1640710980.2580183;06.01.2022
1640711020.0647297;06.01.2022
1640711059.8376637;06.01.2022
1640711099.975983;06.01.2022
1640711139.8628497;06.01.2022
1640711181.0175295;19.01.2022
1640711220.1885142;19.01.2022
1640711260.175977;19.01.2022
1640711299.7279007;19.01.2022
1640711339.7027388;19.01.2022
1640711379.9355245;19.01.2022
1640711419.6466324;19.01.2022
1640711459.9615695;19.01.2022
1640711502.2059135;19.01.2022
1640711540.6660092;19.01.2022
1640711580.0380192;19.01.2022
1640711619.7743027;19.01.2022
1640711659.7349203;19.01.2022
1640711699.9419103;19.01.2022
1640711740.0874164;19.01.2022
1640711783.2472017;19.01.2022
1640711821.2049534;19.01.2022
1640711860.1429863;19.01.2022
1640711899.9767604;19.01.2022
1640711940.1641982;19.01.2022
1640711979.8581302;19.01.2022
1640712020.1505587;19.01.2022
1640712103.3568778;19.01.2022
1640712140.7901082;19.01.2022
1640712180.3467572;19.01.2022
1640712220.1719742;19.01.2022
1640712260.0315638;19.01.2022
1640712300.2682507;19.01.2022
1640712340.1974258;19.01.2022
1640712381.701508;27.01.2022
1640712420.8188286;27.01.2022
1640712459.8727884;27.01.2022
1640712500.4614582;27.01.2022
1640712540.4405015;27.01.2022
1640712580.5679712;27.01.2022
1640712619.901043;27.01.2022
1640712661.33012;27.01.2022
1640712700.1987135;27.01.2022
1640712740.2969403;27.01.2022
1640712780.1589236;27.01.2022
1640712820.2062187;27.01.2022
1640712860.2019782;27.01.2022
1640712900.0038755;27.01.2022
1640712983.0110254;27.01.2022
1640713020.7500167;27.01.2022
1640713060.343123;27.01.2022
1640713100.4150105;27.01.2022
1640713140.0415814;27.01.2022
1640713180.4309998;27.01.2022
1640713220.2315912;27.01.2022
1640713261.3070867;26.01.2022
1640713301.7442207;26.01.2022
1640713340.6442142;26.01.2022
1640713380.4660833;26.01.2022
1640713420.4525867;26.01.2022
1640713460.3318975;26.01.2022
1640713500.2890177;26.01.2022
1640713540.3495917;26.01.2022
1640713583.0603662;19.01.2022
1640713620.9629579;19.01.2022
1640713660.2188623;19.01.2022
1640713700.670017;19.01.2022
1640713740.329046;19.01.2022
1640713780.179484;19.01.2022
1640713820.402022;19.01.2022
1640713860.822021;19.01.2022
1640713944.2356126;29.12.2021
1640713980.375999;29.12.2021
1640714020.8602788;29.12.2021
1640714060.3052526;29.12.2021
1640714100.5260978;29.12.2021
1640714140.7844179;29.12.2021
1640714181.1331487;19.01.2022
1640714222.0331268;19.01.2022
1640714260.5121357;19.01.2022
1640714300.294241;19.01.2022
1640714340.5592005;19.01.2022
1640714380.327232;19.01.2022
1640714420.4778917;19.01.2022
1640714461.9688036;27.01.2022
1640714500.7753897;27.01.2022
1640714540.6229866;27.01.2022
1640714580.5568898;27.01.2022
1640714620.745911;27.01.2022
1640714660.2592037;27.01.2022
1640714700.7531202;27.01.2022
1640714783.9351501;13.01.2022
1640714821.280006;13.01.2022
1640714860.7961397;13.01.2022
1640714900.8947525;13.01.2022
1640714940.6426404;13.01.2022
1640714980.7892058;13.01.2022
1640715021.1389194;13.01.2022
1640715060.9346716;13.01.2022
1640715103.6645582;08.02.2022
1640715141.7383122;08.02.2022
1640715180.5382037;08.02.2022
1640715220.5819468;08.02.2022
1640715260.5379884;08.02.2022
1640715300.7710857;08.02.2022
1640715343.4906795;08.02.2022
1640715384.7125921;03.01.2022
1640715422.1945276;03.01.2022
1640715460.94569;03.01.2022
1640715501.0755785;03.01.2022
1640715541.0730531;03.01.2022
1640715580.9354796;03.01.2022
1640715620.9230888;03.01.2022
1640715704.213466;04.01.2022
1640715741.4849606;04.01.2022
1640716026.987068;04.01.2022
1640716076.95607;27.01.2022
1640716099.1231754;27.01.2022
1640716159.1762989;27.01.2022
1640716183.657894;27.01.2022
1640716228.071948;27.01.2022
1640716305.2830374;29.12.2021
1640716337.0413032;29.12.2021
1640716374.1658542;29.12.2021
1640716423.0612736;29.12.2021
1640716466.8622174;29.12.2021
1640716563.1763637;29.12.2021
1640716582.4325023;29.12.2021
1640716635.8652368;08.02.2022
1640716672.7752113;08.02.2022
1640716710.6181743;08.02.2022
1640716738.9713132;08.02.2022
1640716778.1573482;08.02.2022
1640716817.4943593;08.02.2022
1640716933.1025572;09.02.2022
1640716949.9975567;09.02.2022
1640716988.2916818;09.02.2022
1640717048.2757988;09.02.2022
1640717102.9558866;09.02.2022
1640717123.993582;09.02.2022
1640717161.9305482;09.02.2022
1640717197.4120922;09.02.2022
1640717240.8984065;15.01.2022
1640717277.5522313;15.01.2022
1640717317.124842;15.01.2022
1640717357.8881583;15.01.2022
1640717398.2230332;15.01.2022
1640717437.857213;15.01.2022
1640717477.0718932;15.01.2022
1640717519.0465481;27.01.2022
1640717561.8635566;27.01.2022
1640717603.0011318;27.01.2022
1640717638.2092342;27.01.2022
1640717680.486037;27.01.2022
1640717737.370661;27.01.2022
1640717759.9126318;27.01.2022
1640717818.9472218;27.01.2022
1640717840.3303967;27.01.2022
1640717891.421468;27.01.2022
1640717924.2804282;27.01.2022
1640717958.9556773;27.01.2022
1640718001.5925744;27.01.2022
1640718037.721685;27.01.2022
1640718403.5995162;09.02.2022
1640718443.580484;09.02.2022
1640718504.9076953;09.02.2022
1640718522.8216312;09.02.2022
1640718559.4062383;09.02.2022
1640718598.7466109;09.02.2022
1640718693.4651184;13.01.2022
1640718723.6367977;13.01.2022
1640718770.0400596;13.01.2022
1640718825.5699465;13.01.2022
1640718845.0099723;13.01.2022
1640718883.3330336;13.01.2022
1640718920.7371902;13.01.2022
1640719036.730098;09.02.2022
1640719053.7340953;09.02.2022
1640719091.0854478;09.02.2022
1640719131.0062604;09.02.2022
1640719171.1699567;09.02.2022
1640719212.0532572;09.02.2022
1640719330.9474175;09.02.2022
1640719348.7412777;09.02.2022
1640719413.854478;09.02.2022
1640719431.5309246;09.02.2022
1640719477.8515854;09.02.2022
1640719508.6669526;09.02.2022
1640719548.1662803;09.02.2022
1640719590.999806;09.02.2022
1640719649.016948;09.02.2022
1640719667.790619;09.02.2022
1640719708.42258;09.02.2022
1640719777.7356846;09.02.2022
1640719792.5144994;09.02.2022
1640719837.8945003;09.02.2022
1640719877.5838792;09.02.2022
1640719915.1939561;09.02.2022
1640719976.9690316;09.02.2022
1640719992.6458664;09.02.2022
1640720031.654126;09.02.2022
1640720094.2250118;09.02.2022
1640720117.7939525;09.02.2022
1640720153.3731794;09.02.2022
1640720234.6872315;09.02.2022
1640720271.5823781;09.02.2022
1640720312.0214052;09.02.2022
1640720352.009253;09.02.2022
1640720391.8050365;09.02.2022
1640720432.380658;09.02.2022
1640720515.6362488;09.02.2022
1640720554.4644399;09.02.2022
1640720592.035153;09.02.2022
1640720631.9962046;09.02.2022
1640720681.111349;09.02.2022
1640720712.6131465;09.02.2022
1640720752.8878887;09.02.2022
1640720794.0601602;25.01.2022
1640720832.5135992;25.01.2022
1640720879.7233565;25.01.2022
1640720917.420355;25.01.2022
1640720952.1563597;25.01.2022
1640720991.7861974;25.01.2022
1640721032.2190528;25.01.2022
1640721114.570634;18.01.2022
1640721154.4768524;18.01.2022
1640721192.1080263;18.01.2022
1640721232.233307;18.01.2022
1640721272.9320552;18.01.2022
1640721312.8208716;18.01.2022
1640721413.3610454;25.01.2022
1640721434.6310408;25.01.2022
1640721492.9650526;25.01.2022
1640721512.7849164;25.01.2022
1640721552.4890432;25.01.2022
1640721594.4920619;25.01.2022
1640721632.2740397;25.01.2022
1640721770.6120822;25.01.2022
1640721814.8770826;25.01.2022
1640721849.1760836;25.01.2022
1640721874.8680856;25.01.2022
1640721940.2801445;25.01.2022
1640722005.164145;09.02.2022
1640722034.4156249;09.02.2022
1640722074.446329;09.02.2022
1640722114.1928973;09.02.2022
1640722154.3323548;09.02.2022
1640722194.364426;09.02.2022
1640722237.1494045;09.02.2022
1640722275.2006867;09.02.2022
1640722314.5435798;09.02.2022
1640722354.290947;09.02.2022
1640722394.9604893;09.02.2022
1640722434.0332475;09.02.2022
1640722474.2355058;09.02.2022
1640722514.2739682;09.02.2022
1640722554.357245;09.02.2022
1640722599.6965115;28.01.2022
1640722657.2041392;28.01.2022
1640722679.0030298;28.01.2022
1640722714.5707788;28.01.2022
1640722775.5141542;28.01.2022
1640722794.3730385;28.01.2022
1640722834.3932788;28.01.2022
1640722874.1945288;28.01.2022
1640722916.538887;28.01.2022
1640722954.246644;28.01.2022
1640722995.1326408;28.01.2022
1640723034.1996155;28.01.2022
1640723074.4846663;28.01.2022
1640723114.819537;28.01.2022
1640723154.6808388;04.02.2022
1640723195.9120023;04.02.2022
1640723234.7578576;04.02.2022
1640723274.4992023;04.02.2022
1640723314.4318938;04.02.2022
1640723354.429051;04.02.2022
1640723394.4800234;04.02.2022
1640723434.6119237;04.02.2022
1640723480.9846509;04.02.2022
1640723515.7029421;04.02.2022
1640723554.6948779;04.02.2022
1640723595.2890434;04.02.2022
1640723635.289882;04.02.2022
1640723676.6546926;04.02.2022
1640723716.7569587;04.02.2022
1640723755.6733024;04.02.2022
1640723798.3655522;21.01.2022
1640723838.6318905;21.01.2022
1640723874.318923;21.01.2022
1640723915.7088554;21.01.2022
1640723981.9241748;21.01.2022
1640723996.5481784;21.01.2022
1640724035.9775965;21.01.2022
1640724075.7363212;21.01.2022
1640724116.5454679;04.02.2022
1640724167.4543593;04.02.2022
1640724195.590724;04.02.2022
1640724236.004018;04.02.2022
1640724276.047136;04.02.2022
1640724315.7901878;04.02.2022
1640724400.2249987;04.02.2022
1640724436.012682;04.02.2022
1640724475.7912867;04.02.2022
1640724516.0019917;04.02.2022
1640724555.582655;04.02.2022
1640724595.9723706;04.02.2022
1640724642.961501;04.02.2022
1640724714.5875413;05.02.2022
1640724729.6855552;05.02.2022
1640724768.5640223;05.02.2022
1640724808.384404;05.02.2022
1640724848.1397746;05.02.2022
1640724888.5925252;05.02.2022
1640724928.5751529;05.02.2022
1640724970.1173425;25.01.2022
1640725009.570873;25.01.2022
1640725049.9806514;25.01.2022
1640725088.8649654;25.01.2022
1640725128.45508;25.01.2022
1640725168.5313025;25.01.2022
1640725208.309746;25.01.2022
1640725249.1403043;25.01.2022
1640725289.0665352;25.01.2022
1640725328.297501;25.01.2022
1640725368.441452;25.01.2022
1640725408.5068822;25.01.2022
1640725448.609855;25.01.2022
1640725488.6333716;25.01.2022
1640725528.3525589;25.01.2022
1640725568.6675081;05.02.2022
1640725614.8454533;05.02.2022
1640725658.708588;05.02.2022
1640725701.1193368;05.02.2022
1640725729.030487;05.02.2022
1640725774.7306204;05.02.2022
1640725808.465828;05.02.2022
1640725848.6214936;05.02.2022
1640725888.7017999;05.02.2022
1640726238.150968;05.01.2022
1640726256.8512092;05.01.2022
1640726312.3431582;05.01.2022
1640726335.2460794;05.01.2022
1640726372.0931776;05.01.2022
1640726440.6982038;05.01.2022
1640726497.6780803;05.02.2022
1640726548.303098;05.02.2022
1640726574.3203936;05.02.2022
1640726635.3594272;05.02.2022
1640726654.6023667;05.02.2022
1640726694.8815372;05.02.2022
1640726818.1634314;09.02.2022
1640726854.39167;09.02.2022
1640726895.2418616;09.02.2022
1640726939.8191895;09.02.2022
1640726976.5035782;09.02.2022
1640727015.4434247;09.02.2022
1640727069.9278145;04.02.2022
1640727095.1226914;04.02.2022
1640727136.020891;04.02.2022
1640727174.6529658;04.02.2022
1640727214.692885;04.02.2022
1640727254.8470533;04.02.2022
1640727294.6950605;04.02.2022
1640727335.1126733;04.02.2022
1640727416.9489698;04.02.2022
1640727454.4634016;04.02.2022
1640727494.5526977;04.02.2022
1640727535.7279963;04.02.2022
1640727576.8173795;04.02.2022
1640727618.4192872;04.02.2022
1640727656.4024243;09.02.2022
1640727695.7419686;09.02.2022
1640727735.4999535;09.02.2022
1640727774.7814236;09.02.2022
1640727814.683855;09.02.2022
1640727854.7455268;09.02.2022
1640727894.9415588;09.02.2022
1640727934.6605213;09.02.2022
1640727977.1171055;13.01.2022
1640728015.7661898;13.01.2022
1640728054.6255598;13.01.2022
1640728094.691678;13.01.2022
1640728134.758522;13.01.2022
1640728174.497217;13.01.2022
1640728214.9160168;13.01.2022
1640728255.1537635;09.02.2022
1640728296.2990327;09.02.2022
1640728334.6668634;09.02.2022
1640728374.6526504;09.02.2022
1640728414.5323925;09.02.2022
1640728454.9459753;09.02.2022
1640728494.811073;09.02.2022
1640728534.4076328;09.02.2022
1640728617.6560297;09.02.2022
1640728655.0318909;09.02.2022
1640728695.2600389;09.02.2022
1640728735.1353989;09.02.2022
1640728775.0992844;09.02.2022
1640728815.5607772;09.02.2022
1640728855.0919676;09.02.2022
1640728897.3517199;09.02.2022
1640728936.130878;09.02.2022
1640728975.160186;09.02.2022
1640729014.8643742;09.02.2022
1640729055.3107572;09.02.2022
1640729095.0175893;09.02.2022
1640729136.2464192;09.02.2022
1640729175.7414422;09.02.2022
1640729215.1249874;09.02.2022
1640729255.4371755;09.02.2022
1640729295.1116378;09.02.2022
1640729335.0526567;09.02.2022
1640729375.2340486;09.02.2022
1640729415.370285;09.02.2022
1640729454.9603677;09.02.2022
1640729497.2016263;09.02.2022
1640729535.4730153;09.02.2022
1640729575.4008067;09.02.2022
1640729615.5015452;09.02.2022
1640729655.206703;09.02.2022
1640729695.2962916;09.02.2022
1640729735.649178;09.02.2022
1640729775.913567;01.02.2022
1640729815.3269362;01.02.2022
1640729855.7075198;01.02.2022
1640729895.0877924;01.02.2022
1640729935.4174557;01.02.2022
1640729975.3017778;01.02.2022
1640730015.419595;01.02.2022
1640730055.4515643;01.02.2022
1640730097.1249588;01.02.2022
1640730135.402344;01.02.2022
1640730175.3112502;01.02.2022
1640730215.426108;01.02.2022
1640730255.5627403;01.02.2022
1640730295.3738797;01.02.2022
1640730335.3970273;01.02.2022
1640730417.8049529;01.02.2022
1640730455.1069558;01.02.2022
1640730495.7979884;01.02.2022
1640730535.3417783;01.02.2022
1640730575.5418656;01.02.2022
1640730615.8086324;01.02.2022
1640730697.5949924;01.02.2022
1640730735.653907;01.02.2022
1640730775.8159776;01.02.2022
1640730815.3478644;01.02.2022
1640730855.482011;01.02.2022
1640730895.8588772;01.02.2022
1640730935.40891;01.02.2022
1640730975.5164795;01.02.2022
1640731015.811744;01.02.2022
1640731056.0985591;01.02.2022
1640731095.630812;01.02.2022
1640731135.5563235;01.02.2022
1640731175.6390789;01.02.2022
1640731215.7385375;01.02.2022
1640731255.4665074;01.02.2022
1640731296.0828867;01.02.2022
1640731335.789454;01.02.2022
1640731375.5111132;01.02.2022
1640731415.5652032;01.02.2022
1640731455.882481;01.02.2022
1640731495.487412;01.02.2022
1640731535.6021965;01.02.2022
1640731575.9364676;01.02.2022
1640731616.7220762;01.02.2022
1640731655.812581;01.02.2022
1640731697.4438756;01.02.2022
1640731735.5426238;01.02.2022
1640731775.7941875;01.02.2022
1640731815.9395056;01.02.2022
1640731855.6690853;01.02.2022
1640731896.098719;01.02.2022
1640731936.0254843;01.02.2022
1640731976.0789893;01.02.2022
1640732015.618134;01.02.2022
1640732055.8568838;01.02.2022
1640732096.078478;01.02.2022
1640732135.6150331;01.02.2022
1640732217.6419294;08.02.2022
1640732255.8732643;08.02.2022
1640732295.99047;08.02.2022
1640732335.637451;08.02.2022
1640732375.858023;08.02.2022
1640732416.0952747;08.02.2022
1640732499.4015749;08.02.2022
1640732536.105778;08.02.2022
1640732576.2179627;08.02.2022
1640732616.05438;08.02.2022
1640732655.810141;08.02.2022
1640732696.0647593;08.02.2022
1640732735.9259233;08.02.2022
1640732818.2189198;13.01.2022
1640732856.0568752;13.01.2022
1640732896.2619967;13.01.2022
1640732936.224974;13.01.2022
1640732976.4900231;13.01.2022
1640733016.238331;13.01.2022
1640733098.4410882;13.01.2022
1640733136.3423378;13.01.2022
1640733176.3394508;13.01.2022
1640733215.532479;13.01.2022
1640733256.151476;13.01.2022
1640733295.9668608;13.01.2022
1640733336.1691313;13.01.2022
1640733418.3070638;02.02.2022
1640733455.9625015;02.02.2022
1640733495.896888;02.02.2022
1640733535.800142;02.02.2022
1640733575.853345;02.02.2022
1640733616.2210379;02.02.2022
1640733656.4826753;02.02.2022
1640733696.8998587;02.02.2022
1640733736.4100645;02.02.2022
1640733776.1289678;02.02.2022
1640733816.4300234;02.02.2022
1640733856.4730978;02.02.2022
1640733896.4287775;02.02.2022
1640733935.9640262;02.02.2022
1640733976.198238;02.02.2022
1640734016.240426;02.02.2022
1640734056.502576;02.02.2022
1640734095.9578667;02.02.2022
1640734136.3955703;02.02.2022
1640734176.3442657;02.02.2022
1640734216.292847;02.02.2022
1640734256.231034;02.02.2022
1640734296.4964266;02.02.2022
1640734336.2135947;02.02.2022
1640734375.96496;02.02.2022
1640734415.9180112;02.02.2022
1640734455.8740134;02.02.2022
1640734496.6700919;02.02.2022
1640734536.1232188;02.02.2022
1640734576.220636;02.02.2022
1640734616.909001;02.02.2022
1640734656.4267678;02.02.2022
1640734696.0854135;02.02.2022
1640734736.1730585;02.02.2022
1640734776.0680072;02.02.2022
1640734816.1878667;02.02.2022
1640734898.258196;02.02.2022
1640734936.16535;02.02.2022
1640734976.1269207;02.02.2022
1640735015.996886;02.02.2022
1640735056.2119138;02.02.2022
1640735096.0731757;02.02.2022
1640735136.1339355;02.02.2022
1640735218.730073;27.01.2022
1640735256.1521842;27.01.2022
1640735296.2035308;27.01.2022
1640735336.2019737;27.01.2022
1640735376.1805358;27.01.2022
1640735416.2773085;27.01.2022
1640735456.3243341;27.01.2022
1640735496.3730764;27.01.2022
1640735535.9900296;27.01.2022
1640735576.3480544;27.01.2022
1640735616.3052957;27.01.2022
1640735656.3630805;27.01.2022
1640735696.3889616;27.01.2022
1640735736.2813132;27.01.2022
1640735818.5169098;27.01.2022
1640735856.3072634;27.01.2022
1640735896.6297722;27.01.2022
1640735936.3563218;27.01.2022
1640735976.3790724;27.01.2022
1640736016.1832635;27.01.2022
1640736098.4688957;27.01.2022
1640736136.618057;27.01.2022
1640736176.4750366;27.01.2022
1640736216.4259694;27.01.2022
1640736256.0949783;27.01.2022
1640736296.4035254;27.01.2022
1640736336.3420322;27.01.2022
1640736698.4619288;27.01.2022
1640736736.5423036;27.01.2022
1640736776.3400161;27.01.2022
1640736816.3650262;27.01.2022
1640736856.2630603;27.01.2022
1640736896.4680266;27.01.2022
1640736936.387378;27.01.2022
1640736976.8078232;27.01.2022
1640737016.830074;27.01.2022
1640737056.4189193;27.01.2022
1640737096.572976;27.01.2022
1640737136.2740428;27.01.2022
1640737176.4668834;27.01.2022
1640737216.7750254;27.01.2022
1640737256.3153007;27.01.2022
1640737296.7129536;27.01.2022
1640737336.7248871;27.01.2022
1640737376.541861;27.01.2022
1640737416.6334019;27.01.2022
1640737456.3358717;27.01.2022
1640737496.62203;27.01.2022
1640737536.403994;27.01.2022
1640737618.5756912;27.01.2022
1640737656.6668947;27.01.2022
1640737696.5170703;27.01.2022
1640737736.7440286;27.01.2022
1640737776.3822765;27.01.2022
1640737816.8719795;27.01.2022
1640737898.8199646;27.01.2022
1640737936.7899227;27.01.2022
1640737976.8100412;27.01.2022
1640738017.0121233;27.01.2022
1640738056.7126102;27.01.2022
1640738096.9016724;27.01.2022
1640738136.9090493;27.01.2022
1640738176.9430363;27.01.2022
1640738216.850054;27.01.2022
1640738256.7903845;27.01.2022
1640738297.0371737;27.01.2022
1640738336.8117948;27.01.2022
1640738376.6830153;27.01.2022
1640738417.027189;27.01.2022
1640738456.4918334;27.01.2022
1640738497.0634956;27.01.2022
1640738536.906403;27.01.2022
1640738576.5720205;27.01.2022
1640738616.696864;27.01.2022
1640738657.057039;27.01.2022
1640738696.8779957;27.01.2022
1640738736.9380195;27.01.2022
1640738777.2230697;27.01.2022
1640738816.8750768;27.01.2022
1640738856.8668833;27.01.2022
1640738896.7456665;27.01.2022
1640738936.9122217;27.01.2022
1640738977.0930157;27.01.2022
1640739017.1194632;27.01.2022
1640739057.0353;27.01.2022
1640739096.9950426;27.01.2022
1640739136.9463534;27.01.2022
1640739176.606861;27.01.2022
1640739216.622606;27.01.2022
1640739257.029064;27.01.2022
1640739296.6229918;27.01.2022
1640739336.853628;27.01.2022
1640739376.850199;27.01.2022
1640739417.0568817;27.01.2022
1640739456.9640896;27.01.2022
1640739496.9530714;27.01.2022
1640739537.1140141;27.01.2022
1640739576.9318564;27.01.2022
1640739616.7127619;27.01.2022
1640739657.1005375;27.01.2022
1640739697.124061;27.01.2022
1640739737.1142554;27.01.2022
1640739777.0002444;27.01.2022
1640739816.9719296;27.01.2022
1640739856.981066;27.01.2022
1640739897.33032;27.01.2022
1640739936.8540242;27.01.2022
1640739977.2919307;27.01.2022
1640740017.0423005;27.01.2022
1640740056.8197498;27.01.2022
1640740096.9460132;27.01.2022
1640740137.0345683;27.01.2022
1640740177.3143408;27.01.2022
1640740217.0608528;27.01.2022
1640740257.1930602;08.02.2022
1640740297.6435108;08.02.2022
1640740337.0167508;08.02.2022
1640740377.0849946;08.02.2022
1640740416.9591985;08.02.2022
1640740457.1902413;08.02.2022
1640740497.328043;08.02.2022
1640740537.3440142;08.02.2022
1640740577.1952982;08.02.2022
1640740617.4190419;08.02.2022
1640740657.2028747;08.02.2022
1640740697.1530712;08.02.2022
1640740737.0529356;08.02.2022
1640740777.3000286;08.02.2022
1640740817.43489;08.02.2022
1640740857.3300328;08.02.2022
1640740897.2340128;08.02.2022
1640740937.134589;08.02.2022
1640740977.3269835;08.02.2022
1640741017.2195928;08.02.2022
1640741057.2161329;08.02.2022
1640741097.496033;08.02.2022
1640741137.238193;08.02.2022
1640741177.2136009;08.02.2022
1640741217.3468182;08.02.2022
1640741257.321904;08.02.2022
1640741297.7219644;08.02.2022
1640741337.4635184;08.02.2022
1640741377.3480322;08.02.2022
1640741417.2169313;08.02.2022
1640741457.948999;08.02.2022
1640741497.9350069;08.02.2022
1640741537.3884118;08.02.2022
1640741577.1918695;08.02.2022
1640741617.3326726;08.02.2022
1640741657.235073;08.02.2022
1640741697.3890333;08.02.2022
1640741779.6570532;08.02.2022
1640741817.2309742;08.02.2022
1640741857.471186;08.02.2022
1640741897.250976;08.02.2022
1640741937.699054;08.02.2022
1640741977.331078;08.02.2022
1640742017.6961498;08.02.2022
1640742057.4111722;08.02.2022
1640742097.4239647;08.02.2022
1640742137.555077;08.02.2022
1640742177.338203;08.02.2022
1640742217.4579613;08.02.2022
1640742257.4780242;08.02.2022
1640742297.2755456;08.02.2022
1640742337.342335;08.02.2022
1640742377.9280386;08.02.2022
1640742417.7991092;08.02.2022
1640742457.4058628;08.02.2022
1640742497.6920407;08.02.2022
1640742537.7150993;08.02.2022
1640742577.8690162;08.02.2022
1640742617.524965;08.02.2022
1640742699.9995236;08.02.2022
1640742737.6824212;08.02.2022
1640742777.654513;08.02.2022
1640742817.767968;08.02.2022
1640742857.725688;08.02.2022
1640742897.4811044;08.02.2022
1640742937.8712146;08.02.2022
1640742977.6550288;08.02.2022
1640743017.853031;08.02.2022
1640743057.819452;08.02.2022
1640743097.3819957;08.02.2022
1640743137.8815837;08.02.2022
1640743177.5491345;08.02.2022
1640743217.8100429;08.02.2022
1640743257.8150253;08.02.2022
1640743297.9733171;08.02.2022
1640743337.8891928;08.02.2022
1640743377.6392193;08.02.2022
1640743417.619478;08.02.2022
1640743457.5971549;08.02.2022
1640743497.6988761;08.02.2022
1640743537.7331722;08.02.2022
1640743577.676702;08.02.2022
1640743617.949013;08.02.2022
1640743657.7020364;08.02.2022
1640743697.7579734;08.02.2022
1640743737.771313;08.02.2022
1640743777.804021;08.02.2022
1640743817.8668714;08.02.2022
1640743857.6646388;08.02.2022
1640743897.9151902;08.02.2022
1640743938.0594237;08.02.2022
1640743977.8305032;08.02.2022
1640744018.0834827;08.02.2022
1640744058.0394092;08.02.2022
1640744097.9148784;08.02.2022
1640744137.9644663;08.02.2022
1640744178.065259;08.02.2022
1640744217.9126542;08.02.2022
1640744258.1801775;08.02.2022
1640744297.967949;08.02.2022
1640744337.9897437;08.02.2022
1640744377.7360015;08.02.2022
1640744417.8372838;08.02.2022
1640744458.189012;08.02.2022
1640744498.0657024;08.02.2022
1640744537.9839442;08.02.2022
1640744578.0869968;08.02.2022
1640744618.0995147;08.02.2022
1640744658.004035;08.02.2022
1640744697.9256186;08.02.2022
1640744738.0181725;08.02.2022
1640744778.060543;08.02.2022
1640744818.192022;08.02.2022
1640744858.0855124;08.02.2022
1640744897.862286;08.02.2022
1640744938.1790369;08.02.2022
1640744978.23494;08.02.2022
1640745018.007998;08.02.2022
1640745382.0651095;08.02.2022
1640745418.3993323;08.02.2022
1640745457.9938843;08.02.2022
1640745498.0253317;08.02.2022
1640745538.1795626;08.02.2022
1640745578.3968658;08.02.2022
1640745618.1851344;08.02.2022
1640745658.460321;08.02.2022
1640745698.0268693;08.02.2022
1640745738.075142;08.02.2022
1640745778.286965;08.02.2022
1640745818.1479032;08.02.2022
1640745858.1963525;08.02.2022
1640745898.325037;08.02.2022
1640745938.6420774;08.02.2022
1640745978.7690156;27.01.2022
1640746018.5001743;27.01.2022
1640746058.2995625;27.01.2022
1640746098.5463347;27.01.2022
1640746138.5190547;27.01.2022
1640746178.1996922;27.01.2022
1640746218.4175982;27.01.2022
1640746258.339051;27.01.2022
1640746298.3740673;27.01.2022
1640746338.2661405;27.01.2022
1640746378.500898;27.01.2022
1640746418.445338;27.01.2022
1640746458.3832698;27.01.2022
1640746498.8343217;27.01.2022
1640746538.3967416;27.01.2022
1640746578.593887;27.01.2022
1640746618.6082566;27.01.2022
1640746658.2620347;27.01.2022
1640746698.380016;27.01.2022
1640746738.6606026;27.01.2022
1640746778.5000646;27.01.2022
1640746818.4845812;27.01.2022
1640746858.7300708;27.01.2022
1640746898.4879897;27.01.2022
1640746938.5768967;27.01.2022
1640746978.522183;27.01.2022
1640747018.6683147;27.01.2022
1640747058.3128917;27.01.2022
1640747098.5385387;27.01.2022
1640747138.4269688;27.01.2022
1640747178.7560108;27.01.2022
1640747218.7044215;27.01.2022
1640747258.571922;27.01.2022
1640747298.565046;27.01.2022
1640747338.8394473;27.01.2022
1640747378.4082086;27.01.2022
1640747418.781564;27.01.2022
1640747458.5919876;27.01.2022
1640747498.3908877;27.01.2022
1640747538.7706478;27.01.2022
1640747579.1688795;27.01.2022
1640747619.1288795;27.01.2022
1640747658.6508808;27.01.2022
1640747698.9051673;27.01.2022
1640747738.6441655;27.01.2022
1640747778.72465;27.01.2022
1640747818.842052;27.01.2022
1640747858.7473812;27.01.2022
1640747899.6516752;27.01.2022
1640747941.633446;27.01.2022
1640747978.766166;27.01.2022
1640748018.4409616;27.01.2022
1640748100.7820542;27.01.2022
1640748138.8766055;27.01.2022
1640748178.5490544;27.01.2022
1640748218.5003986;27.01.2022
1640748258.9018877;27.01.2022
1640748298.9596813;27.01.2022
1640748338.6558676;27.01.2022
1640748378.579984;27.01.2022
1640748418.7119167;27.01.2022
1640748458.6961036;27.01.2022
1640748498.653431;27.01.2022
1640748539.2619672;27.01.2022
1640748578.808972;27.01.2022
1640748618.8969152;27.01.2022
1640748659.1099973;27.01.2022
1640748699.1049638;27.01.2022
1640748738.9393167;27.01.2022
1640748779.0838761;27.01.2022
1640748818.7049642;27.01.2022
1640748858.6470964;27.01.2022
1640748898.8346915;27.01.2022
1640748938.9553075;27.01.2022
1640748978.7120435;27.01.2022
1640749018.7892764;27.01.2022
1640749058.8492796;27.01.2022
1640749098.8911512;27.01.2022
1640749138.723971;27.01.2022
1640749178.96708;27.01.2022
1640749218.6975088;27.01.2022
1640749259.29117;27.01.2022
1640749299.680371;27.01.2022
1640749338.938493;27.01.2022
1640749378.7962155;27.01.2022
1640749419.074551;27.01.2022
1640749459.042074;27.01.2022
1640749498.971769;27.01.2022
1640749539.3029816;27.01.2022
1640749579.128052;27.01.2022
1640749618.964524;27.01.2022
1640749659.1781805;27.01.2022
1640749698.9817681;27.01.2022
1640749739.0857675;27.01.2022
1640749779.105306;27.01.2022
1640749818.8247597;27.01.2022
1640749901.5176938;27.01.2022
1640749939.0327146;27.01.2022
1640749979.028756;27.01.2022
1640750019.0590384;27.01.2022
1640750058.9969103;27.01.2022
1640750099.17488;27.01.2022
1640750139.1690123;27.01.2022
1640750179.3388546;27.01.2022
1640750219.1677935;27.01.2022
1640750258.995266;27.01.2022
1640750299.1548662;27.01.2022
1640750339.1980798;27.01.2022
1640750379.043466;27.01.2022
1640750418.9759092;27.01.2022
1640750459.2180607;27.01.2022
1640750499.171857;27.01.2022
1640750539.4668765;27.01.2022
1640750579.3852553;27.01.2022
1640750618.9850965;27.01.2022
1640750659.41903;27.01.2022
1640750699.115523;27.01.2022
1640750739.0479953;27.01.2022
1640750779.2983398;27.01.2022
1640750819.3299742;27.01.2022
1640750859.3079853;27.01.2022
1640750899.345859;27.01.2022
1640750939.361359;27.01.2022
1640750979.3170192;27.01.2022
1640751019.1857598;27.01.2022
1640751059.1162317;27.01.2022
1640751099.6154625;27.01.2022
1640751139.4146204;27.01.2022
1640751179.41999;27.01.2022
1640751219.459102;27.01.2022
1640751259.4978614;27.01.2022
1640751299.5593498;27.01.2022
1640751381.6752408;27.01.2022
1640751419.4780188;27.01.2022
1640751459.2066724;27.01.2022
1640751499.572729;27.01.2022
1640751539.44095;27.01.2022
1640751579.3071005;27.01.2022
1640751619.6163013;27.01.2022
1640751659.4939928;27.01.2022
1640751699.619071;27.01.2022
1640751739.2672482;27.01.2022
1640751779.2491438;27.01.2022
1640751819.6050668;27.01.2022
1640751859.2302585;27.01.2022
1640751899.5997784;27.01.2022
1640751939.3410761;27.01.2022
1640751979.7279649;27.01.2022
1640752019.3348632;27.01.2022
1640752059.2859094;27.01.2022
1640752099.4669952;27.01.2022
1640752139.5528626;27.01.2022
1640752179.3579552;27.01.2022
1640752219.492985;27.01.2022
1640752259.690689;27.01.2022
1640752299.5441546;27.01.2022
1640752339.4173813;27.01.2022
1640752379.5469067;27.01.2022
1640752419.8779724;27.01.2022
1640752459.654726;27.01.2022
1640752499.473068;27.01.2022
1640752539.4819734;27.01.2022
1640752579.5688193;27.01.2022
1640752619.842998;27.01.2022
1640752659.6533961;27.01.2022
1640752699.5897982;27.01.2022
1640752739.6116817;27.01.2022
1640752779.6990414;27.01.2022
1640752819.61402;27.01.2022
1640752901.8738637;27.01.2022
1640752939.6650968;27.01.2022
1640752979.528962;27.01.2022
1640753019.9369109;27.01.2022
1640753059.818125;27.01.2022
1640753100.113401;27.01.2022
1640753139.754552;27.01.2022
1640753179.970169;27.01.2022
1640753220.0148141;27.01.2022
1640753259.7099755;27.01.2022
1640753299.829058;27.01.2022
1640753339.8686805;27.01.2022
1640753379.795076;27.01.2022
1640753419.905403;27.01.2022
1640753459.6628609;27.01.2022
1640753542.1938155;27.01.2022
1640753579.664136;27.01.2022
1640753619.6940558;27.01.2022
1640753660.1039941;27.01.2022
1640753699.955998;27.01.2022
1640753739.8432243;27.01.2022
1640753779.791983;27.01.2022
1640753820.1636567;27.01.2022
1640753860.0228436;27.01.2022
1640753899.7322142;27.01.2022
1640753939.8203502;27.01.2022
1640753979.9530416;27.01.2022
1640754020.156978;27.01.2022
1640754383.72724;27.01.2022
1640754421.1319792;27.01.2022
1640754460.1606069;27.01.2022
1640754500.150917;27.01.2022
1640754540.1669712;27.01.2022
1640754579.9459035;27.01.2022
1640754620.2109773;27.01.2022
1640754660.4102287;27.01.2022
1640754700.0361476;27.01.2022
1640754740.1608021;27.01.2022
1640754780.2332883;27.01.2022
1640754820.0310166;27.01.2022
1640754860.395539;27.01.2022
1640754900.1190157;27.01.2022
1640754940.2069;27.01.2022
1640754980.210515;27.01.2022
1640755020.4699652;01.02.2022
1640755060.183039;01.02.2022
1640755100.1038408;01.02.2022
1640755140.2886055;01.02.2022
1640755180.068733;01.02.2022
1640755220.207028;01.02.2022
1640755260.5432878;09.02.2022
1640755300.3257384;09.02.2022
1640755340.3340273;09.02.2022
1640755380.3928642;09.02.2022
1640755420.2012465;09.02.2022
1640755460.1859922;09.02.2022
1640755500.4000216;09.02.2022
1640755540.5344975;09.02.2022
1640755580.4752254;09.02.2022
1640755620.1528733;09.02.2022
1640755660.2619483;09.02.2022
1640755700.4339547;09.02.2022
1640755740.619211;09.02.2022
1640755780.3272328;09.02.2022
1640755820.1604903;09.02.2022
1640755860.5593224;09.02.2022
1640755900.4803624;09.02.2022
1640755940.3468745;09.02.2022
1640755980.4905477;09.02.2022
1640756020.287281;09.02.2022
1640756060.1979756;09.02.2022
1640756100.2397544;09.02.2022
1640756140.493856;09.02.2022
1640756180.781173;09.02.2022
1640756220.684245;09.02.2022
1640756260.7950454;09.02.2022
1640756300.5041945;09.02.2022
1640756340.4199915;09.02.2022
1640756380.5412118;09.02.2022
1640756420.737049;09.02.2022
1640756502.8036919;13.01.2022
1640756540.5492883;13.01.2022
1640756580.418131;13.01.2022
1640756620.2954016;13.01.2022
1640756660.4249032;13.01.2022
1640756700.5289981;13.01.2022
1640756740.5302308;13.01.2022
1640756780.7425666;12.01.2022
1640756820.5219805;12.01.2022
1640756860.638346;12.01.2022
1640756900.8103633;12.01.2022
1640756940.7336876;12.01.2022
1640756980.3718739;12.01.2022
1640757020.6447601;12.01.2022
1640757060.6949532;13.01.2022
1640757101.0689595;13.01.2022
1640757140.5840297;13.01.2022
1640757180.45591;13.01.2022
1640757220.7079816;13.01.2022
1640757260.4918337;13.01.2022
1640757300.5180693;13.01.2022
1640757340.7753756;13.01.2022
1640757380.6120594;13.01.2022
1640757420.8390148;12.01.2022
1640757460.5399523;12.01.2022
1640757500.7071722;12.01.2022
1640757540.845579;12.01.2022
1640757580.8198488;12.01.2022
1640757620.612366;12.01.2022
1640757660.9968626;12.01.2022
1640757742.874735;12.01.2022
1640757780.658072;12.01.2022
1640757820.9523203;12.01.2022
1640757860.587869;12.01.2022
1640757900.7070172;12.01.2022
1640757940.7854838;12.01.2022
1640757980.5700352;12.01.2022
1640758021.1868825;13.01.2022
1640758060.7762947;13.01.2022
1640758100.6730149;13.01.2022
1640758140.7068722;13.01.2022
1640758180.77208;13.01.2022
1640758220.9740288;13.01.2022
1640758261.201725;13.01.2022
1640758343.0780158;13.01.2022
1640758381.0449917;13.01.2022
1640758420.8252923;13.01.2022
1640758460.900956;13.01.2022
1640758500.908975;13.01.2022
1640758583.2364452;21.01.2022
1640758620.9858766;21.01.2022
1640758660.9580812;21.01.2022
1640758701.1549337;21.01.2022
1640758741.0043764;21.01.2022
1640758780.9520671;21.01.2022
1640758820.7978678;21.01.2022
1640758860.9284022;21.01.2022
1640758900.8980026;21.01.2022
1640758941.2397444;21.01.2022
1640758980.9404173;21.01.2022
1640759021.008989;21.01.2022
1640759061.018154;21.01.2022
1640759100.851542;21.01.2022
1640759141.1336985;21.01.2022
1640759181.1320758;27.01.2022
1640759220.7922513;27.01.2022
1640759261.0084002;27.01.2022
1640759301.1340258;27.01.2022
1640759341.3139231;27.01.2022
1640759381.3258724;27.01.2022
1640759420.948495;27.01.2022
1640759461.3521645;27.01.2022
1640759501.1023543;27.01.2022
1640759541.1071835;27.01.2022
1640759581.2999833;27.01.2022
1640759621.044068;27.01.2022
1640759661.057572;27.01.2022
1640759701.3414137;27.01.2022
1640759741.1440575;27.01.2022
1640759782.418944;15.01.2022
1640759821.6510904;15.01.2022
1640759861.214274;15.01.2022
1640759901.385075;15.01.2022
1640759941.305888;15.01.2022
1640759981.3432026;15.01.2022
1640760021.2864456;15.01.2022
1640760061.3560715;15.01.2022
1640760101.970747;15.01.2022
1640760141.3339593;15.01.2022
1640760181.3268738;15.01.2022
1640760221.294029;15.01.2022
1640760261.2428255;15.01.2022
1640760301.0810258;15.01.2022
1640760341.3321245;15.01.2022
1640760381.4768739;15.01.2022
1640760421.2139726;15.01.2022
1640760461.4866943;15.01.2022
1640760501.479422;15.01.2022
1640760541.1154144;15.01.2022
1640760581.3035505;15.01.2022
1640760621.3658805;15.01.2022
1640760662.3046055;15.01.2022
1640760702.4649568;15.01.2022
1640760741.2374032;15.01.2022
1640760781.5339863;15.01.2022
1640760821.4344223;15.01.2022
1640760861.4201825;15.01.2022
1640760901.3839111;15.01.2022
1640760985.6268475;15.01.2022
1640761021.7839649;15.01.2022
1640761061.601917;15.01.2022
1640761101.5928693;15.01.2022
1640761141.2900472;15.01.2022
1640761181.6946974;15.01.2022
1640761221.5818605;15.01.2022
1640761262.213095;11.01.2022
1640761301.7483473;11.01.2022
1640761341.5187669;11.01.2022
1640761381.620127;11.01.2022
1640761421.4568977;11.01.2022
1640761461.320972;11.01.2022
1640761501.485629;11.01.2022
1640761541.4639585;11.01.2022
1640761583.2214632;19.01.2022
1640761621.3880458;19.01.2022
1640761661.4069264;19.01.2022
1640761701.3814273;19.01.2022
1640761741.4613693;19.01.2022
1640761781.3092897;19.01.2022
1640761821.4958768;19.01.2022
1640761863.0157928;20.01.2022
1640761902.769963;20.01.2022
1640761941.8550704;20.01.2022
1640761981.4660268;20.01.2022
1640762021.6767745;20.01.2022
1640762061.5824845;20.01.2022
1640762101.687658;20.01.2022
1640762184.2081797;20.01.2022
1640762221.875968;20.01.2022
1640762261.901244;20.01.2022
1640762301.8020437;20.01.2022
1640762341.6817517;20.01.2022
1640762381.7969122;20.01.2022
1640762421.4328132;20.01.2022
1640762461.6573904;20.01.2022
1640762503.4768333;20.01.2022
1640762542.0583227;20.01.2022
1640762581.8360412;20.01.2022
1640762621.6473355;20.01.2022
1640762661.6701756;20.01.2022
1640762701.887926;20.01.2022
1640762741.748033;20.01.2022
1640762781.6187274;20.01.2022
1640762823.3266537;11.01.2022
1640762861.7700827;11.01.2022
1640762901.6292524;11.01.2022
1640762942.4817197;11.01.2022
1640762982.1048543;11.01.2022
1640763021.7469819;11.01.2022
1640763061.5509377;11.01.2022
1640763103.1782942;21.01.2022
1640763142.1651983;21.01.2022
1640763181.602359;21.01.2022
1640763221.8409774;21.01.2022
1640763261.8780866;21.01.2022
1640763301.8401396;21.01.2022
1640763342.2630227;01.02.2022
1640763383.9023328;01.02.2022
1640763422.3641346;01.02.2022
1640763462.0318701;01.02.2022
1640763501.940044;01.02.2022
1640763541.962951;01.02.2022
1640763582.0656824;01.02.2022
1640763622.2769525;01.02.2022
1640763663.785029;01.02.2022
1640763703.4718857;01.02.2022
1640763741.7501574;01.02.2022
1640763781.8329892;01.02.2022
1640763822.259034;01.02.2022
1640763861.8469706;01.02.2022
1640763902.023032;01.02.2022
1640763984.1402175;01.02.2022
1640764022.2227302;01.02.2022
1640764062.4892244;01.02.2022
1640764101.8307195;01.02.2022
1640764142.029419;01.02.2022
1640764182.2883346;01.02.2022
1640764222.1169794;01.02.2022
1640764262.1238832;01.02.2022
1640764303.2974498;12.01.2022
1640764342.2954183;12.01.2022
1640764382.2524986;12.01.2022
1640764422.1072986;12.01.2022
1640764462.3340096;12.01.2022
1640764502.124039;12.01.2022
1640764585.193976;12.01.2022
1640764622.4620614;12.01.2022
1640764662.2986598;12.01.2022
1640764702.294294;12.01.2022
1640764742.2491055;12.01.2022
1640764782.1429844;12.01.2022
1640764822.1559722;12.01.2022
1640764862.3670185;12.01.2022
1640764902.4293435;12.01.2022
1640764943.0440612;12.01.2022
1640764982.2600033;12.01.2022
1640765022.2950187;12.01.2022
1640765062.152857;12.01.2022
1640765102.3848758;12.01.2022
1640765187.7729363;29.01.2022
1640765222.1526372;29.01.2022
1640765262.610522;29.01.2022
1640765302.2709756;29.01.2022
1640765342.177971;29.01.2022
1640765382.4231057;29.01.2022
1640765422.2490447;29.01.2022
1640765463.3683593;02.02.2022
1640765503.3657327;02.02.2022
1640765542.314283;02.02.2022
1640765582.303041;02.02.2022
1640765622.3369296;02.02.2022
1640765662.5406952;02.02.2022
1640765702.3084419;02.02.2022
1640765742.6376243;02.02.2022
1640765784.0939672;25.01.2022
1640765822.8119767;25.01.2022
1640765862.3638809;25.01.2022
1640765902.4168694;25.01.2022
1640765942.421265;25.01.2022
1640765982.458597;25.01.2022
1640766022.2446113;25.01.2022
1640766062.5639493;25.01.2022
1640766104.0576088;27.01.2022
1640766142.141091;27.01.2022
1640766182.3923173;27.01.2022
1640766222.3615475;27.01.2022
1640766262.1618001;27.01.2022
1640766302.273531;27.01.2022
1640766342.2614453;27.01.2022
1640766384.2078218;03.02.2022
1640766422.5569847;03.02.2022
1640766462.445987;03.02.2022
1640766502.4525733;03.02.2022
1640766542.6710262;03.02.2022
1640766582.5820677;03.02.2022
1640766622.6310706;03.02.2022
1640766662.3335507;03.02.2022
1640766702.469935;03.02.2022
1640766742.4769204;03.02.2022
1640766782.7329817;03.02.2022
1640766822.5582056;03.02.2022
1640766862.3200226;03.02.2022
1640766902.7609663;03.02.2022
1640766942.619503;03.02.2022
1640766982.8648572;03.02.2022
1640767024.0669088;03.01.2022
1640767062.624646;03.01.2022
1640767102.7029207;03.01.2022
1640767142.6929533;03.01.2022
1640767182.4783547;03.01.2022
1640767222.5399487;03.01.2022
1640767263.7333076;22.01.2022
1640767303.2848842;22.01.2022
1640767342.526916;22.01.2022
1640767382.759988;22.01.2022
1640767422.6341677;22.01.2022
1640767462.6495488;22.01.2022
1640767502.9190526;22.01.2022
1640767543.078447;22.01.2022
1640767582.901563;22.01.2022
1640767623.9755926;04.01.2022
1640767663.0130346;04.01.2022
1640767702.906074;04.01.2022
1640767742.981446;04.01.2022
1640767782.710997;04.01.2022
1640767822.8583717;04.01.2022
1640767863.6322498;11.01.2022
1640767903.5668626;11.01.2022
1640767942.8959155;11.01.2022
1640767982.797242;11.01.2022
1640768022.7003107;11.01.2022
1640768063.0004938;11.01.2022
1640768103.1284132;11.01.2022
1640768143.0120437;11.01.2022
1640768184.2848668;21.01.2022
1640768223.0679617;21.01.2022
1640768262.933038;21.01.2022
1640768302.8759475;21.01.2022
1640768343.0830529;21.01.2022
1640768382.9154265;21.01.2022
1640768422.9244294;21.01.2022
1640768463.228531;21.01.2022
1640768549.3519;03.02.2022
1640768583.1061697;03.02.2022
1640768623.3099597;03.02.2022
1640768663.0607698;03.02.2022
1640768702.84078;03.02.2022
1640768743.1199;03.02.2022
1640769064.5139906;18.01.2022
1640769104.5902143;18.01.2022
1640769143.0026765;18.01.2022
1640769183.1672325;18.01.2022
1640769222.948017;18.01.2022
1640769263.3510525;18.01.2022
1640769302.9958806;18.01.2022
1640769343.1651642;18.01.2022
1640769388.4596717;03.01.2022
1640769423.4395297;03.01.2022
1640769462.9935114;03.01.2022
1640769503.292219;03.01.2022
1640769543.2021613;03.01.2022
1640769583.2954142;03.01.2022
1640769623.1986077;03.01.2022
1640769664.3229647;03.01.2022
1640769705.7571263;03.01.2022
1640769743.5520515;03.01.2022
1640769783.0262897;03.01.2022
1640769823.4101691;03.01.2022
1640769863.0989769;03.01.2022
1640769903.4077528;03.01.2022
1640769943.5962403;03.01.2022
1640769987.6072867;03.01.2022
1640770024.2536845;03.01.2022
1640770063.4180458;03.01.2022
1640770103.4980295;03.01.2022
1640770143.5511708;03.01.2022
1640770183.132064;03.01.2022
1640773820.5281906;04.01.2022
1640773834.7855134;04.01.2022
1640773874.5921555;04.01.2022
1640773914.1302977;04.01.2022
1640773954.3724086;04.01.2022
1640773994.816937;04.01.2022
1640774035.207665;04.01.2022
1640774074.932119;04.01.2022
1640774114.6574268;04.01.2022
1640774516.0747876;08.01.2022
1640774555.4996803;08.01.2022
1640774594.3703747;08.01.2022
1640774635.9751086;08.01.2022
1640774675.4447122;08.01.2022
1640774715.0465655;08.01.2022
1640774754.9647703;08.01.2022
1640774795.3613532;08.01.2022
1640774834.8916042;08.01.2022
1640774874.4004102;08.01.2022
1640774915.3850102;08.01.2022
1640774955.7768884;08.01.2022
1640774994.7648106;08.01.2022
1640775041.5903172;08.01.2022
1640775074.9825692;08.01.2022
1640775118.4069242;08.01.2022
1640775156.4309328;08.01.2022
1640775194.57126;08.01.2022
1640775234.8093739;08.01.2022
1640775275.8584478;08.01.2022
1640775332.5582623;08.01.2022
1640775398.9532938;08.01.2022
1640775435.5280552;08.01.2022
1640775475.3432887;08.01.2022
1640775540.5611217;08.01.2022
1640775555.2891254;08.01.2022
1640775594.8168988;08.01.2022
1640775634.4912271;08.01.2022
1640777449.9206197;22.01.2022
1640777466.5195267;22.01.2022
1640777504.5188196;22.01.2022
1640777551.321111;22.01.2022
1640777584.2492802;22.01.2022
1640777624.0510385;22.01.2022
1640777663.6960227;22.01.2022
1640777704.8469806;22.01.2022
1640777744.4644444;22.01.2022
1640777831.120415;25.01.2022
1640777876.9270604;25.01.2022
1640777915.560925;25.01.2022
1640777944.1580513;25.01.2022
1640777984.055968;25.01.2022
1640778024.5389457;25.01.2022
1640778064.6507742;11.01.2022
1640778105.3372855;11.01.2022
1640778144.2644916;11.01.2022
1640778184.3612983;11.01.2022
1640778224.7106657;11.01.2022
1640778263.9425578;11.01.2022
1640778304.6222093;11.01.2022
1640778343.9546037;11.01.2022
1640778388.0186613;13.01.2022
1640778436.0692766;13.01.2022
1640778472.0413728;13.01.2022
1640778504.1197364;13.01.2022
1640778550.7990093;13.01.2022
1640778583.777616;13.01.2022
1640778623.8873327;13.01.2022
1640778682.0476606;13.01.2022
1640778720.6176612;25.01.2022
1640778745.2157488;25.01.2022
1640778783.682302;25.01.2022
1640778824.670835;25.01.2022
1640778863.8481326;25.01.2022
1640778904.0158858;25.01.2022
1640778943.6800616;25.01.2022
1640779028.9492955;25.01.2022
1640779064.8369653;25.01.2022
1640779104.0467927;25.01.2022
1640779144.1218476;25.01.2022
1640779185.0521078;25.01.2022
1640779226.5801842;25.01.2022
1640779264.549009;25.01.2022
1640779305.0889795;25.01.2022
1640779344.639204;25.01.2022
1640779384.304099;25.01.2022
1640779425.3054783;25.01.2022
1640779464.933649;25.01.2022
1640779504.5246613;25.01.2022
1640779589.234934;25.01.2022
1640779625.7875257;25.01.2022
1640779664.0304964;25.01.2022
1640779704.1853118;25.01.2022
1640779744.5454674;25.01.2022
1640779784.6463385;25.01.2022
1640779825.1420867;25.01.2022
1640779864.2298088;25.01.2022
1640779905.6167672;27.01.2022
1640779945.8801188;27.01.2022
1640779984.1409175;27.01.2022
1640780024.2560236;27.01.2022
1640780064.7206173;27.01.2022
1640780106.9319856;27.01.2022
1640780147.438962;27.01.2022
1640780188.5429766;07.01.2022
1640780225.1764214;07.01.2022
1640780264.40669;07.01.2022
1640780304.4256973;07.01.2022
1640780344.6906426;07.01.2022
1640780384.5186443;07.01.2022
1640780424.467986;07.01.2022
1640780465.1402514;12.01.2022
1640780504.8869278;12.01.2022
1640780544.3835828;12.01.2022
1640780584.4501503;12.01.2022
1640780624.3363645;12.01.2022
1640780664.328456;12.01.2022
1640780704.704346;12.01.2022
1640780745.0828981;12.01.2022
1640780787.8873177;12.01.2022
1640780826.3523219;12.01.2022
1640780864.4655738;12.01.2022
1640780904.395588;12.01.2022
1640780944.9475625;12.01.2022
1640780984.5414186;12.01.2022
1640781024.6954744;12.01.2022
1640781065.9978;28.01.2022
1640781105.8317835;28.01.2022
1640781144.8100653;28.01.2022
1640781184.669076;28.01.2022
1640781224.5400865;28.01.2022
1640781264.7082121;28.01.2022
1640781304.791213;28.01.2022
1640781344.7412171;28.01.2022
1640781708.4986334;02.02.2022
1640781746.4217381;02.02.2022
1640781784.9545777;02.02.2022
1640781824.9686522;02.02.2022
1640781866.6679158;02.02.2022
1640781905.0196757;02.02.2022
1640781944.8972323;02.02.2022
1640782030.7720249;28.01.2022
1640782065.284664;28.01.2022
1640782105.4967701;28.01.2022
1640782145.0304081;28.01.2022
1640782184.9879725;28.01.2022
1640782225.885195;28.01.2022
1640782265.1430645;28.01.2022
1640782308.877634;02.02.2022
1640782349.7657683;02.02.2022
1640782385.9534335;02.02.2022
1640782426.8254108;02.02.2022
1640782484.394202;02.02.2022
1640782507.6074445;02.02.2022
1640782596.718917;02.02.2022
1640782624.605949;02.02.2022
1640782665.0737565;02.02.2022
1640782705.8049164;02.02.2022
1640782744.7789052;02.02.2022
1640782785.0067325;02.02.2022
1640782828.7638812;02.02.2022
1640782865.1708233;02.02.2022
1640782906.4276671;02.02.2022
1640782951.529911;02.02.2022
1640782985.2347414;02.02.2022
1640783025.2723076;02.02.2022
1640783065.9782112;02.02.2022
1640783105.3114147;02.02.2022
1640783218.5436304;12.01.2022
1640783247.9823258;12.01.2022
1640783276.218582;12.01.2022
1640783314.4017863;12.01.2022
1640783352.930622;12.01.2022
1640783393.094821;12.01.2022
1640783432.595667;12.01.2022
1640783474.9580643;03.02.2022
1640783513.7694693;03.02.2022
1640783552.2873242;03.02.2022
1640783592.6858528;03.02.2022
1640783633.4640546;03.02.2022
1640783672.6633399;03.02.2022
1640783713.6099503;03.02.2022
1640783752.746462;03.02.2022
1640783795.0633743;03.02.2022
1640783856.7684956;03.02.2022
1640783879.6272097;03.02.2022
1640783912.685643;03.02.2022
1640783952.9587648;03.02.2022
1640783994.281102;03.02.2022
1640784035.4217403;03.02.2022
1640784073.5344322;03.02.2022
1640784115.0833805;21.01.2022
1640784153.6708107;21.01.2022
1640784200.612427;21.01.2022
1640784232.5695727;21.01.2022
1640784272.6735659;21.01.2022
1640784312.8219347;21.01.2022
1640784352.6040502;21.01.2022
1640784395.9707525;21.01.2022
1640784433.2722545;21.01.2022
1640784473.6678486;21.01.2022
1640784513.1494236;21.01.2022
1640784557.535745;21.01.2022
1640784598.854742;21.01.2022
1640784635.4198458;21.01.2022
1640784673.6277304;21.01.2022
1640784719.903766;21.01.2022
1640784753.7717488;21.01.2022
1640784792.757842;21.01.2022
1640784832.8382306;21.01.2022
1640784873.156778;21.01.2022
1640784913.300113;21.01.2022
1640784953.7187486;21.01.2022
1640785315.7445278;04.02.2022
1640785352.9958093;04.02.2022
1640785393.7995646;04.02.2022
1640785432.964417;04.02.2022
1640785473.1357305;04.02.2022
1640785538.4399197;04.02.2022
1640785606.891913;03.01.2022
1640785633.2901235;03.01.2022
1640785673.4945562;03.01.2022
1640785714.2916985;03.01.2022
1640785753.3300865;03.01.2022
1640785794.1289756;03.01.2022
1640785833.743758;21.01.2022
1640785915.6260726;21.01.2022
1640785953.404139;21.01.2022
1640785993.0880213;21.01.2022
1640786032.9798257;21.01.2022
1640786072.9321983;21.01.2022
1640786113.5355074;21.01.2022
1640786152.893806;21.01.2022
1640786195.089951;04.02.2022
1640786233.0816112;04.02.2022
1640786272.967076;04.02.2022
1640786313.3255231;04.02.2022
1640786353.9138405;04.02.2022
1640786421.897305;04.02.2022
1640786437.6283042;04.02.2022
1640786478.219307;04.02.2022
1640786564.81684;05.02.2022
1640786596.0213075;05.02.2022
1640786635.8758364;05.02.2022
1640786676.039432;05.02.2022
1640786715.6286361;05.02.2022
1640786756.4597018;05.02.2022
1640786806.3048599;08.02.2022
1640786838.2992802;08.02.2022
1640786875.81903;08.02.2022
1640786916.3907273;08.02.2022
1640786956.5748875;08.02.2022
1640786996.3908424;08.02.2022
1640787036.0644417;08.02.2022
1640787085.611509;11.01.2022
1640787117.0569432;11.01.2022
1640787157.8071237;11.01.2022
1640787196.2529936;11.01.2022
1640787236.7521179;11.01.2022
1640787275.6771052;11.01.2022
1640787316.974077;11.01.2022
1640787357.116901;08.02.2022
1640787429.9150004;08.02.2022
1640787448.4860015;08.02.2022
1640787483.7341518;08.02.2022
1640787523.5910041;08.02.2022
1640787563.7629187;08.02.2022
1640787603.6540265;08.02.2022
1640787643.544624;08.02.2022
1640787686.8214366;08.02.2022
1640787724.2309537;08.02.2022
1640787763.8024788;08.02.2022
1640787803.834469;08.02.2022
1640787843.839492;08.02.2022
1640787883.9714835;08.02.2022
1640787924.034469;08.02.2022
1640787963.8584812;08.02.2022
1640788005.3074813;08.02.2022
1640788043.9754639;08.02.2022
1640788083.6313965;08.02.2022
1640788123.8403783;08.02.2022
1640788163.839192;08.02.2022
1640788203.7664332;08.02.2022
1640788243.8360212;08.02.2022
1640788283.584139;08.02.2022
1640788324.4837396;08.02.2022
1640788364.092762;08.02.2022
1640788403.9117398;08.02.2022
1640788444.1047382;08.02.2022
1640788483.907739;08.02.2022
1640788524.1207385;08.02.2022
1640788565.670738;18.01.2022
1640788606.3777568;18.01.2022
1640788644.3107417;18.01.2022
1640788684.164739;18.01.2022
1640788724.2277563;18.01.2022
1640788764.0757453;18.01.2022
1640788804.3207414;18.01.2022
1640788844.3317378;18.01.2022
1640788890.6437433;20.01.2022
1640788924.5277643;20.01.2022
1640788964.1297762;20.01.2022
1640789004.8027294;20.01.2022
1640789044.9519603;20.01.2022
1640789084.6152222;20.01.2022
1640789124.6443348;20.01.2022
1640789165.5692608;22.01.2022
1640789205.289852;22.01.2022
1640789244.7249844;22.01.2022
1640789284.6921053;22.01.2022
1640789324.3887665;22.01.2022
1640789364.373073;22.01.2022
1640789404.6943693;22.01.2022
1640789452.454134;22.01.2022
1640789540.1360095;22.01.2022
1640789564.2831135;22.01.2022
1640789604.679967;22.01.2022
1640789645.6520212;22.01.2022
